Lot,Wafer,Lot/Wf,Chip-Nr,Lot/Wf/Ch,X-Coord.,Y-Coord.,M-Date,Device,CGAP,BDON,BDOP,RS_NN,RS_PP,RS_NNS,RCTNN,RS_PPS,RCTPP,RS_P1,RS_P1S,RCT_P1,RSRP1,VTXN1,KP_N1,VTXN3,IDSN3,GA_N1,STLN3,ISBN3,BDSN3,VTXNHA,IDSNHA,BDSNHA,ZVRU,VTXP1,KP_P1,VTXP3,IDSP3,GA_P1,STLP3,BDSP3,RS_NW,RVI_V1,RVI_V2,RS_M1,RS_M2,RS_LW,RS_PWLW,VTXNI1,KP_NI1,VTXNI3,IDSNI3,GA_NI1,STLNI3,ISBNI3,BDSNI3,RS_NLW,VTXPI1,KP_PI1,VTXPI3,IDSPI3,GA_PI1,STLPI3,BDSPI3,RS_PLW,RS_M3Q,RS_M4,RVI_V3,RSSNUG,RSSPUG,C0V_DPVC,VTXN51,KP_N51,VTXN53,IDSN53,GA_N51,ISBN53,BDSN53,VTXP51,KP_P51,VTXP53,IDSP53,BDSP53,GA_P51,CGAP5,BDON5,BDOP5,VTXN5I1,KP_N5I1,VTXN5I3,IDSN5I3,GA_N5I1,ISBN5I3,BDSN5I3,VTXP5I1,KP_P5I1,VTXP5I3,IDSP5I3,BDSP5I3,GA_P5I1,VBENVB,HFMNVB,EVFNVB,
,,,,,,,,,fF/um2,V,V,Ohm/sq.,Ohm/sq.,Ohm/sq.,Ohm/ct.,Ohm/sq.,Ohm,Ohm/sq.,Ohm/sq.,Ohm/ct.,Ohm/sq.,V,uA/V2,V,uA/um,sqrt(V),pA/um,uA/um,V,V,uA/um,V,V,V,uA/V2,V,uA/um,sqrt(V),pA/um,V,kOhm/sq,Ohm/via,Ohm/via,mOhm/sq.,Ohm/sq.,kOhm/sq.,kOhm/sq.,V,uA/V2,V,uA/um,sqrt(V),pA/um,uA/um,V,Ohm/sq.,V,uA/V2,V,uA/um,sqrt(V),pA/um,V,Ohm/sq.,mOhm/sq.,mOhm/sq.,Ohm/Via,Ohm/sq.,Ohm/sq.,fF/um,V,uA/V^2,V,uA/um,V^0.5,uA/um,V,V,uA/V^2,V,uA/um,V,V^0.5,fF/um^2,V,V,V,uA/V^2,V,uA/um,V^0.5,uA/um,V,V,uA/V^2,V,uA/um,V,V^0.5,mV,-,V,
,,,,,,,,,4,5,5,76,133,1.5,.01,1.5,.01,33,1.5,.01,37,.56,154,.5,420,.52,.000001,.1,5.5,.49,79,13.2,3,-.99,48,-.87,180,.35,.000001,5.5,1.07,.01,.01,60,60,1.7,5,.5,153,.49,405,.51,.000001,.1,5,76,-1.02,48,-.93,170,.35,.000001,5,115,60,30,.01,750,430,3.9,.83,78,.8,370,.8,.1,7,-1.09,30,-1.04,165,7,.69,2.1,10,10,.8,78,.76,385,.78,.1,7,-1.14,29,-1.11,150,7,.7,670,25,50,
,,,,,,,,,4.8,10,11,93,167,5,20,5,20,47,20,20,53,.66,186,.7,580,.62,10,1.5,10,.69,115,24,6,-.79,62,-.61,320,.49,10,10,1.25,6,6,120,120,2.3,6.6,.7,199,.69,595,.63,20,1.5,10,93,-.8,62,-.63,310,.49,10,10,195,120,60,6,1250,570,4.9,1.03,118,1.1,530,1,15,13,-.89,38,-.84,245,13,.85,2.8,16,16,1,118,1.06,545,.98,15,13,-.94,37,-.91,230,14,.86,700,10000000000000000,10000000000000000,
M79013,01,M79013/01,1,M79013/01/1,0,-1,18.02.17 16:30:37,XF61589.2,4.28839,8.04,9.536,87.5493,150.363,3.18475,7.48354,3.35372,7.68482,42.392,4.44757,6.98861,41.8036,.606711,166.636,.641717,477.64,.59353,.0302371,.60208,7.001,.574785,93.0757,15.641,3.758,-.825434,54.996,-.718462,247.7,.453561,.0836663,7,1.13675,1.20243,1.82576,100.891,87.3895,1.99864,5.20237,.594464,165.979,.631016,469.972,.580932,.0330834,.52695,7.001,87.6115,-.863231,53.6742,-.76772,226.28,.45957,.00653829,7,152.907,89.0448,39.3381,1.48737,1038.81,510.69,4.31426,.947509,104.37,.968481,442.9,.913424,3,11.697,-.997849,33.6475,-.954008,202.2,9.993,.760989,2.50291,13.755,15.64,.918494,104.56,.940507,448.9,.881466,2.8574,11.922,-1.05554,32.9315,-1.01306,193.4,9.31,.774812,687.344,31.976,73.6804,
M79013,01,M79013/01,2,M79013/01/2,-9,-1,18.02.17 16:30:37,XF61589.2,4.30993,7.98722,9.48048,87.7324,149.644,3.33104,7.27484,3.2876,7.96094,44.6429,4.47211,6.99105,43.1851,.601134,168.292,.600897,498,.590994,.0781743,.61266,7.002,.567556,94.212,15.674,3.911,-.827248,55.068,-.713607,246.8,.451842,.0825272,7,1.13226,1.16101,1.72783,92.9336,86.5878,2.0075,5.21431,.590787,166.168,.586195,487.194,.578951,.127707,.55679,7.001,88.471,-.863301,53.8214,-.768411,231.64,.457943,.00835136,6.9996,152.976,81.8193,39.1383,1.27832,1041.43,502.358,4.33346,.934973,104.975,.962293,445.18,.91157,2.9902,11.556,-.999081,33.6345,-.94955,206.85,9.844,.760905,2.50098,13.726,15.599,.911713,104.925,.925858,453.4,.880945,2.8884,11.769,-1.05786,32.8265,-1.01517,193.5,9.274,.775376,686.982,33.372,88.2666,
M79013,01,M79013/01,3,M79013/01/3,0,-10,18.02.17 16:30:37,XF61589.2,4.29995,7.993,9.499,87.1976,149.004,3.46797,7.32279,3.44041,7.87402,45.0288,4.47232,7.02741,43.3053,.600932,168.733,.589862,502.44,.592142,.141269,.6752,7.001,.567989,94.3484,15.646,4.014,-.824137,55.175,-.700625,256.75,.450456,.378805,7,1.1358,1.15686,1.65583,91.9561,90.3109,2.00176,5.21757,.588027,166.949,.577419,498.5,.579465,.17017,.61095,7.001,87.7325,-.863104,53.9566,-.755127,239.88,.457933,.0264285,7,152.376,82.1984,38.4586,1.26404,1032.2,500.668,4.32266,.935705,105.35,.954734,450.95,.909331,3.0386,11.622,-.998624,33.724,-.94625,205.9,9.86,.760125,2.49318,13.725,15.604,.911878,105.39,.913372,459.65,.879259,3.0192,11.834,-1.05592,32.9985,-1.0103,197.55,9.205,.774577,687.004,33.5231,74.921,
M79013,01,M79013/01,4,M79013/01/4,8,-1,18.02.17 16:30:37,XF61589.2,4.31201,7.986,9.482,87.9929,150.789,3.31429,7.12826,3.15288,7.97448,43.5186,4.38037,6.92473,42.527,.596526,168.264,.590403,499.48,.590148,.123053,.64223,7.001,.563884,94.606,15.493,3.75,-.82957,55.303,-.717319,252,.450266,.21534,7,1.13621,1.17921,1.73657,92.4605,86.7352,1.99591,5.20671,.583537,167.611,.578568,501.671,.575419,.181215,.6317,7.001,89.4632,-.868957,53.94,-.771841,232,.456482,.0101353,7,152.978,82.005,38.4299,1.34522,1044.28,506.035,4.31583,.930777,105.575,.963991,447.15,.907666,2.9984,11.632,-1.00066,33.7445,-.951163,202.9,9.888,.759017,2.50292,13.729,15.608,.911162,105.095,.915799,455.45,.878442,2.9766,11.803,-1.05811,32.9265,-1.01328,194.9,9.155,.774879,687.328,32.6945,77.3107,
M79013,01,M79013/01,5,M79013/01/5,0,9,18.02.17 16:30:37,XF61589.2,4.30221,7.999,9.501,88.3555,147.74,3.35976,7.24218,3.15846,7.80153,43.7573,4.42128,7.11997,42.8984,.602189,168.778,.592726,503.2,.594193,.134074,.66148,7.002,.568647,93.6514,15.54,4.397,-.821196,55.182,-.701238,255.95,.450987,.363122,7,1.13494,1.15177,1.71565,90.5997,90.0218,1.99314,5.20616,.589254,166.719,.59351,494.68,.582637,.113004,.61043,7.002,89.4378,-.861084,53.991,-.755229,243,.458575,.0243601,7,151.148,80.7811,38.2934,1.32319,1058.1,489.908,4.32372,.938754,105.37,.948463,453.55,.915292,3.1474,11.633,-.996154,33.7495,-.942257,207.85,9.886,.760483,2.50122,13.733,15.614,.914935,105.285,.919123,458.2,.883759,3.2192,11.85,-1.05479,32.884,-1.0129,196.95,9.309,.773966,687.2,32.3739,75.2263,
M79013,02,M79013/02,1,M79013/02/1,0,-1,18.02.17 16:30:37,XF61589.2,4.29134,8.044,9.533,87.5801,152.201,3.20499,7.34646,3.2793,8.2786,43.8186,4.43429,6.68717,41.8174,.607216,167.148,.630242,480.98,.592915,.0515481,.59679,7.002,.576174,92.6969,15.642,3.652,-.827812,54.9,-.714958,248.35,.453662,.0954316,7,1.13451,1.23625,1.85339,98.9843,87.2627,2.00258,5.19913,.596247,165.572,.63391,467.918,.580982,.0329199,.52363,7.001,88.6161,-.865065,53.5976,-.767499,227.28,.459525,.00523736,7,154.045,82.687,39.3619,1.39086,1051.45,517.423,4.30048,.939781,104.655,.960694,447.25,.909913,2.9302,11.736,-1.00232,33.719,-.951425,202.8,9.983,.760855,2.50369,13.758,15.636,.910123,104.855,.918644,454.05,.880012,2.8908,11.903,-1.05714,32.9075,-1.02092,194,9.322,.77501,687.388,31.7546,73.694,
M79013,02,M79013/02,2,M79013/02/2,-9,-1,18.02.17 16:30:37,XF61589.2,4.31166,7.991,9.482,87.8667,149.775,3.26357,7.5601,3.20475,7.88188,42.4112,4.5118,6.84369,43.0183,.603027,168.084,.603678,498.52,.591022,.106141,.632,7.002,.569583,94.1514,15.637,3.907,-.827116,55.087,-.719853,247.1,.450787,.0988228,7.001,1.13421,1.19135,1.72427,90.7921,88.553,2.00335,5.25155,.592164,166.215,.598161,486.561,.578567,.0875854,.55654,7.001,88.076,-.865778,53.807,-.762539,233.64,.457222,.0133582,7,152.072,81.1028,39.1445,1.27446,1047.44,508.195,4.32686,.941688,105.03,.949133,449.65,.910504,2.9744,11.537,-1.00039,33.667,-.942695,206.8,9.871,.760466,2.50336,13.741,15.606,.909868,105.095,.891727,460.7,.87971,2.8242,11.746,-1.05782,32.8435,-1.00716,194.8,9.308,.77589,687.204,32.9006,75.8096,
M79013,02,M79013/02,3,M79013/02/3,0,-10,18.02.17 16:30:37,XF61589.2,4.30546,7.98896,9.48392,87.3039,149.237,3.30918,7.46417,3.1685,7.87857,46.0066,4.6395,6.96816,43.5727,.601657,168.509,.587209,508.5,.590009,.160709,.67548,7.001,.569834,94.3938,15.589,4.008,-.824982,55.268,-.698851,257.65,.449586,.76749,7,1.13116,1.19109,1.6159,90.039,85.9566,1.99835,5.24219,.590531,166.934,.586213,500.331,.57596,.130978,.62303,7.002,87.4899,-.863576,53.8508,-.760932,242.68,.457261,.0181769,7,152.842,81.8605,38.557,1.22786,1034.3,510.228,4.32791,.937081,105.483,.943989,458.18,.906919,3.0682,11.53,-1.00002,33.8015,-.947849,208.55,9.784,.758321,2.50643,13.7195,15.5911,.906516,105.44,.907797,464.7,.877105,3.069,11.657,-1.05977,32.9425,-1.01612,199.9,9.26,.774554,687.102,33.678,73.3231,
M79013,02,M79013/02,4,M79013/02/4,8,-1,18.02.17 16:30:37,XF61589.2,4.3136,7.987,9.479,87.8458,151.032,3.17766,7.19424,3.16172,7.89058,43.4934,4.32937,6.76407,42.992,.596856,169.118,.591098,506.62,.587145,.13021,.66628,7.002,.566551,94.9241,15.566,3.796,-.831197,55.197,-.71199,255.7,.450638,.227999,7,1.13414,1.21587,1.7325,90.3123,88.5019,1.99821,5.21159,.584546,167.739,.570725,509.076,.573058,.206603,.65341,7.001,88.4519,-.868476,53.8476,-.766539,237.58,.456516,.0103795,6.9996,154.591,79.2107,38.4926,1.31708,1046.11,514.17,4.31791,.934526,105.47,.937156,457.55,.904693,3.0844,11.632,-1.00221,33.7425,-.94753,204.95,9.879,.760203,2.5056,13.732,15.607,.907252,105.52,.910657,463.05,.872513,3.0206,11.776,-1.06044,32.907,-1.00904,197.4,9.281,.774992,687.324,32.1429,76.6402,
M79013,02,M79013/02,5,M79013/02/5,0,9,18.02.17 16:30:37,XF61589.2,4.29927,8.008,9.507,88.3053,148.384,3.34665,7.52144,3.29975,8.2818,44.4682,4.29349,6.75904,42.6926,.605394,168.682,.590488,501.38,.592207,.149743,.66424,7.001,.571864,93.4848,15.637,4.281,-.824014,55.211,-.697195,257.2,.450777,.364931,7.001,1.12918,1.18429,1.7198,92.0296,86.9721,1.99883,5.23889,.594415,166.552,.589151,498.825,.581042,.122091,.6276,7.001,88.8733,-.860429,53.953,-.755835,238.62,.458217,.0237083,7,151.752,80.7916,38.3031,1.24194,1055.91,495.848,4.32737,.939221,105.525,.944544,453.1,.911844,3.1228,11.598,-.997398,33.8145,-.937546,207.65,9.883,.759893,2.5013,13.739,15.617,.908933,105.465,.921802,459.45,.880629,2.9376,11.922,-1.05463,32.9445,-1.00818,198.45,9.199,.773626,687.298,32.4485,72.5688,
M79013,03,M79013/03,1,M79013/03/1,0,-1,18.02.17 16:30:37,XF61589.2,4.28412,8.049,9.546,87.3025,150.932,3.04708,7.32172,3.20308,8.15129,42.8131,4.51872,6.8899,41.8344,.606986,167.542,.633874,487.46,.593891,.0643129,.63601,7.001,.575606,93.0757,15.722,3.793,-.82602,54.91,-.712668,252.6,.453849,.170439,7,1.13594,1.24804,1.92,94.7285,88.6227,1.99329,5.21921,.59575,165.821,.629475,474.48,.582079,.0366735,.5494,7.002,87.6767,-.865489,53.5454,-.763368,233.42,.46011,.0153301,7.0008,153.575,90.3873,39.1322,1.49267,1037.3,513.924,4.30766,.944751,104.695,.965819,448.1,.910102,3.1828,11.671,-1.00116,33.686,-.947618,206.75,10.014,.761546,2.50192,13.755,15.64,.914146,104.635,.926955,456.35,.880386,3.0042,11.95,-1.05675,32.8595,-1.01218,197.15,9.308,.775781,687.222,31.8666,73.7916,
M79013,03,M79013/03,2,M79013/03/2,-9,-1,18.02.17 16:30:37,XF61589.2,4.30892,7.98916,9.48228,87.6735,149.566,3.24454,7.0969,3.20859,7.95123,43.3426,4.57501,6.9735,43.0299,.602069,168.442,.583828,505.72,.590437,.187383,.64867,7.001,.567275,94.4241,15.599,3.674,-.826386,55.159,-.70421,252.2,.451635,.245646,7,1.13347,1.23528,1.79727,87.6072,88.5025,2.00176,5.23451,.591021,166.335,.588474,490.386,.578474,.177224,.56488,7.002,87.634,-.864258,53.8558,-.773016,234.06,.457928,.0089322,6.9996,152.142,81.8533,38.8329,1.31161,1033.5,501.605,4.34291,.933412,105.306,.952241,448.18,.906445,3.0234,11.656,-.999035,33.711,-.940128,207.1,9.898,.760361,2.49596,13.7312,15.6034,.911184,105.045,.91628,458.25,.877427,2.9324,11.788,-1.05726,32.9645,-1.01465,195.1,9.247,.774966,686.998,33.5635,84.2556,
M79013,03,M79013/03,3,M79013/03/3,0,-10,18.02.17 16:30:37,XF61589.2,4.30348,7.991,9.495,86.9762,148.563,3.20643,7.40448,3.17931,7.96432,45.4711,4.51316,6.97593,43.4107,.601653,168.678,.589765,509.42,.590028,.204321,.70441,7.001,.567899,94.4848,15.638,4.033,-.824154,55.205,-.69819,257.6,.449921,.378531,7,1.13312,1.22961,1.74381,89.861,89.1211,1.99764,5.2263,.589613,166.946,.57896,503.704,.577271,.286717,.64428,7.002,87.4053,-.862794,54.0258,-.750623,245.36,.457862,.0285184,6.9992,152.625,81.578,39.0009,1.27337,1020.6,502.405,4.3324,.933692,105.53,.937199,456.65,.907033,3.2126,11.553,-.998216,33.758,-.950957,207.8,9.78,.760749,2.50273,13.726,15.606,.907204,105.355,.919289,461.75,.876722,3.1546,11.854,-1.05647,32.995,-1.0139,198.6,9.158,.774402,687.212,33.6255,73.3306,
M79013,03,M79013/03,4,M79013/03/4,8,-1,18.02.17 16:30:37,XF61589.2,4.31007,7.989,9.485,87.6577,151.512,3.23915,7.03466,3.22137,7.91473,44.5792,4.34877,6.73673,42.6817,.599701,168.548,.589638,505.42,.589674,.137821,.68968,7.002,.564364,94.4241,15.662,3.731,-.831066,55.168,-.7156,255.95,.450576,.188921,7,1.1366,1.23112,1.78393,87.4698,88.4199,1.99955,5.20291,.583938,167.657,.581148,506.234,.574666,.175034,.63976,7.002,88.094,-.870833,53.9994,-.765126,237.78,.456821,.0151255,6.9992,154.255,80.7107,38.2034,1.32996,1035.3,511.446,4.31577,.935785,105.485,.951393,454.9,.9082,3.137,11.604,-1.00106,33.7195,-.949295,206.15,9.884,.760633,2.4986,13.733,15.612,.911084,105.36,.907068,461.4,.875781,2.8954,11.859,-1.05672,32.852,-1.01048,198.1,9.244,.773997,687.304,32.0604,77.9531,
M79013,03,M79013/03,5,M79013/03/5,0,9,18.02.17 16:30:37,XF61589.2,4.29669,8.009,9.512,88.2362,148.834,3.27704,7.21084,3.12051,7.88395,43.3978,4.47502,6.94493,42.4972,.603756,168.341,.595628,506.06,.593181,.170428,.67282,7.002,.572367,93.3939,15.559,4.019,-.822367,55.15,-.694879,260.2,.451293,.454447,7,1.13302,1.23181,1.76916,87.4188,88.5975,2.00311,5.20779,.592043,166.609,.586924,503.339,.581802,.167406,.62971,7.001,88.5214,-.860862,53.9652,-.745011,245.12,.458538,.0619292,7,151.071,78.528,38.4126,1.3522,1045.4,494.293,4.32154,.937713,105.685,.961699,452.2,.910673,3.121,11.645,-.995931,33.7345,-.9434,209.45,9.876,.759566,2.50231,13.738,15.619,.91498,105.41,.912658,462.75,.882125,3.0868,11.993,-1.05365,32.975,-1.00837,199,9.28,.774985,687.138,32.5849,85.5364,
M79013,04,M79013/04,1,M79013/04/1,0,-1,18.02.17 16:30:37,XF61589.2,4.28757,8.049,9.543,87.561,151.994,3.30229,7.62079,3.34978,7.97152,43.9059,4.62826,6.59152,42.2563,.608905,166.752,.639403,477.06,.593783,.0287687,.55539,7.001,.576872,92.6211,15.67,3.775,-.824075,55.031,-.713995,248.95,.453908,.0907364,7,1.13523,1.22386,1.90309,96.3602,89.2631,2.00499,5.1975,.598697,165.396,.630528,469.069,.582824,.0419356,.5367,7.001,88.3156,-.863782,53.5852,-.776431,225.32,.459955,.00288343,7,154.567,85.104,39.7408,1.32289,1050.52,520.465,4.29443,.948768,104.315,.975509,439.35,.911199,2.952,11.648,-.999481,33.749,-.953142,203.65,9.972,.760285,2.50396,13.759,15.641,.919058,104.265,.933041,448.1,.882425,2.9088,11.953,-1.05674,32.8675,-1.01801,193.6,9.343,.775242,687.346,32.1389,73.9592,
M79013,04,M79013/04,2,M79013/04/2,-9,-1,18.02.17 16:30:37,XF61589.2,4.31141,7.98842,9.47756,87.8763,150.527,3.27229,7.37101,3.25489,8.03858,43.9419,4.47958,6.78933,43.3081,.604265,168.197,.592367,498.94,.591851,.131309,.62284,7.002,.57068,93.7272,15.63,3.694,-.826195,55.041,-.711826,248.3,.451454,.143303,7,1.13261,1.1604,1.75191,91.4982,87.5503,2.00562,5.21975,.593329,166.362,.594333,484.918,.579556,.0926194,.54093,7.002,88.3096,-.86374,53.8596,-.764717,232.88,.457045,.00736729,7,153.105,81.8935,39.069,1.29032,1050.63,510.374,4.31748,.940203,105.065,.959139,446.58,.908837,3.033,11.534,-1.00187,33.626,-.947609,205.55,9.867,.759653,2.50615,13.7336,15.6024,.917132,105.01,.926761,452.1,.879265,2.9382,11.785,-1.05961,32.8815,-1.01848,193.95,9.308,.774338,687.108,33.6664,91.9168,
M79013,04,M79013/04,3,M79013/04/3,0,-10,18.02.17 16:30:37,XF61589.2,4.30686,7.99,9.49,87.2485,149.776,3.34013,7.64292,3.31891,7.92058,46.0292,4.55903,6.97058,43.3891,.604775,168.299,.593334,504.92,.591263,.116747,.67273,7.001,.571095,94.2878,15.586,3.92,-.821543,55.269,-.709892,259.15,.450384,.271792,7,1.13348,1.14172,1.70652,91.9545,87.5706,2.00393,5.23615,.590677,167,.592709,495.59,.577457,.113053,.61414,7.002,88.0285,-.862909,53.8892,-.760234,240.18,.457654,.0156374,7.0004,152.778,79.4847,38.6022,1.2159,1041.74,509.331,4.32531,.942,105.12,.951856,453.2,.90823,3.0784,11.505,-.999242,33.8335,-.945285,207.5,9.848,.759469,2.50759,13.726,15.601,.912078,105.58,.905183,465.3,.876409,3.0942,11.778,-1.05835,32.9785,-1.01164,199.65,9.245,.774178,686.882,32.4749,71.2978,
M79013,04,M79013/04,4,M79013/04/4,8,-1,18.02.17 16:30:37,XF61589.2,4.31575,7.984,9.477,88.0834,151.418,3.14041,7.36811,3.09527,8.11118,44.3892,4.52062,6.65203,43.1561,.600001,169.237,.585967,507.3,.587674,.175238,.66603,7.002,.567801,94.712,15.555,3.796,-.830817,55.292,-.717024,254.75,.450417,.168267,7,1.13384,1.17104,1.7836,87.3985,85.3974,2.0008,5.21159,.585171,167.43,.572014,502.937,.574121,.309788,.61863,7.001,88.773,-.868913,54.0742,-.75991,235.58,.456402,.0148963,7,154.043,82.5723,37.9024,1.26645,1054.04,513.554,4.31865,.940718,105.315,.954993,450.85,.904579,3.1856,11.592,-1.00204,33.8355,-.945499,205.3,9.895,.759405,2.5068,13.733,15.609,.915175,105.48,.924378,458.1,.876865,3.1984,11.954,-1.05982,32.93,-1.01201,196.95,9.301,.775301,687.162,33.0598,73.5867,
M79013,04,M79013/04,5,M79013/04/5,0,9,18.02.17 16:30:37,XF61589.2,4.30315,8.004,9.504,88.5137,148.649,3.42747,7.41473,3.45539,8.02826,42.9209,4.35985,6.89132,42.9112,.605173,168.398,.590323,504.68,.593523,.169897,.67623,7.002,.572069,93.6211,15.507,4.155,-.820453,55.34,-.705406,257.4,.451113,.253578,7,1.13107,1.17479,1.79141,90.3449,85.0799,2.00649,5.19427,.596186,166.719,.582101,499.019,.582164,.221927,.61346,7.002,88.5904,-.860104,53.9726,-.751034,241.46,.459048,.0238828,6.9996,151.747,80.1325,38.8892,1.25088,1061.77,496.929,4.33238,.943299,105.21,.965616,450.65,.913824,3.0506,11.571,-.995566,33.741,-.940705,208.15,9.837,.759892,2.50644,13.739,15.617,.916127,105.06,.93559,454.8,.881096,3.0002,11.919,-1.05524,33.014,-.999381,199.05,9.177,.774895,687.066,31.7371,89.4308,
M79013,05,M79013/05,1,M79013/05/1,0,-1,18.02.17 16:30:37,XF61589.2,4.29443,8.013,9.522,87.4676,150.741,3.25984,7.41656,3.23719,8.08713,43.1729,4.44225,6.92089,42.0594,.607033,167.186,.637837,478.9,.593353,.0314513,.59033,7.001,.575825,92.8029,15.66,3.785,-.824804,55.07,-.715741,248.65,.452786,.115151,7,1.13568,1.22714,1.90819,95.2064,88.488,1.99931,5.20779,.595988,165.858,.635677,471.337,.580656,.0244094,.50753,7.002,88.0397,-.862866,53.6954,-.767024,226.76,.458983,.00576826,7,153.337,88.4321,39.4134,1.46596,1040.32,512.596,4.30302,.950134,104.7,.979131,442,.913999,2.9564,11.758,-.999181,33.689,-.959755,201.85,9.974,.761033,2.50232,13.752,15.64,.920899,104.445,.920721,452,.883424,2.9676,12.017,-1.05529,33.002,-1.01188,194.85,9.259,.774907,687.392,33.3174,73.2753,
M79013,05,M79013/05,2,M79013/05/2,-9,-1,18.02.17 16:30:37,XF61589.2,4.32453,7.957,9.456,87.7166,149.99,3.20691,7.3533,3.21196,8.12832,42.862,4.68334,6.76133,42.8661,.601618,168.888,.591485,501.64,.589913,.146184,.65644,7.002,.568945,93.9999,15.594,3.712,-.824473,55.382,-.713383,250.25,.448553,.0982334,7,1.13389,1.15443,1.87855,88.5846,85.5347,2.01644,5.21159,.591012,166.843,.587631,489.021,.576975,.103641,.56398,7.002,88.0264,-.861085,54.066,-.754354,234.92,.45348,.00978255,7,152.202,79.7303,38.8603,1.33365,1033.6,502.664,4.33926,.940149,105.115,.943931,447.65,.908724,3.0196,11.571,-.998734,33.7785,-.941797,206.5,9.89,.760398,2.508,13.734,15.608,.915447,105.01,.91641,455.55,.879055,3.0156,11.848,-1.05662,33.019,-1.01381,194.85,9.22,.774364,686.876,33.4157,75.653,
M79013,05,M79013/05,3,M79013/05/3,0,-10,18.02.17 16:30:37,XF61589.2,4.31337,7.963,9.473,86.9581,149.059,3.20595,7.21709,3.17696,7.84724,44.9479,4.84668,7.17978,43.1853,.602597,168.96,.584704,506.28,.589473,.154564,.67514,7.001,.568834,94.212,15.611,3.918,-.82544,55.341,-.711354,253.7,.449425,.165199,7,1.13045,1.18544,1.69136,93.0755,89.5948,2.00157,5.21431,.590495,167.073,.579198,503.113,.575622,.17163,.62052,7.002,86.9808,-.864941,54.1202,-.753122,240.7,.457148,.0173751,7,151.751,81.3003,38.6176,1.2788,1022.26,503.633,4.32812,.94061,105.375,.961173,451.35,.907958,3.032,11.548,-1.00006,33.768,-.94274,208.25,9.85,.760977,2.49331,13.722,15.604,.914236,105.115,.921808,459,.878772,2.927,11.848,-1.05794,33.0375,-1.0147,197.7,9.159,.775243,687.04,34.6903,72.5294,
M79013,05,M79013/05,4,M79013/05/4,8,-1,18.02.17 16:30:37,XF61589.2,4.32158,7.955,9.464,87.8854,150.527,3.23084,7.46306,3.09729,7.67853,42.1348,4.72228,6.87947,42.7828,.598295,169.089,.605532,502.06,.587728,.091375,.64919,7.002,.564354,94.9848,15.501,3.788,-.828481,55.371,-.711119,252.95,.447245,.130554,7,1.13164,1.1907,1.758,86.5151,86.9124,1.99879,5.19373,.584246,167.939,.57442,503.889,.573141,.251535,.62538,7.002,88.3586,-.867077,54.1966,-.769376,235.98,.455688,.00766405,6.9996,153.553,83.959,38.2811,1.33552,1041.13,505.725,4.31604,.937714,105.57,.944235,452.1,.905984,3.0266,11.592,-1.00203,33.794,-.946161,203.35,9.828,.759247,2.50789,13.724,15.604,.909922,105.28,.909343,458.7,.875724,2.9458,11.88,-1.0589,32.967,-1.01203,196.5,9.21,.774723,687.116,32.3819,91.1071,
M79013,05,M79013/05,5,M79013/05/5,0,9,18.02.17 16:30:37,XF61589.2,4.31036,7.9738,9.4804,88.1138,147.962,3.38043,7.26463,3.30331,7.72439,42.4352,4.41401,7.06364,42.4706,.603149,168.612,.598268,501.74,.592316,.115906,.67722,7.001,.571365,93.4393,15.561,3.993,-.822058,55.331,-.695585,255.25,.450652,.37322,7,1.12984,1.15455,1.74698,88.9109,86.2269,2.00412,5.17759,.594518,166.436,.587086,496.89,.581085,.137146,.59999,7.001,88.2881,-.863097,54.1504,-.759633,238.88,.457992,.0180316,7,150.899,80.4461,38.9073,1.32121,1049.39,491.008,4.32931,.948396,105.201,.952924,448.94,.915114,3.0786,11.729,-.997214,33.783,-.948457,207.1,9.874,.761726,2.49831,13.7313,15.6156,.922197,104.925,.924614,455.55,.883612,3.0112,11.906,-1.05462,32.999,-1.01,197.4,9.239,.774381,687.126,33.6365,93.0952,
M79013,06,M79013/06,1,M79013/06/1,0,-1,18.02.17 16:30:37,XF61589.2,4.30021,8.019,9.518,87.5789,151.577,3.50026,7.44565,3.32509,8.12656,43.1531,4.53353,6.76498,42.1241,.609497,167.451,.651775,480.76,.591221,.02423,.60216,7.001,.575235,93.212,15.75,3.784,-.824131,55.072,-.724144,247.6,.452668,.0604464,7,1.13548,1.26165,1.90178,97.6776,89.623,2.00171,5.19696,.597002,166.096,.634229,469.435,.579717,.0300728,.54823,7.002,88.0012,-.863684,53.62,-.764537,227.52,.45899,.00556938,7,154.984,86.5567,39.6347,1.40712,1043.77,516.575,4.30141,.942972,104.72,.969385,446.15,.911089,2.9946,11.649,-1.00017,33.6265,-.945785,205.2,10.017,.761887,2.50044,13.755,15.633,.917812,104.7,.926156,451.9,.879815,3.0104,11.958,-1.0565,32.897,-1.02139,193.8,9.337,.775493,687.272,32.4652,76.2318,
M79013,06,M79013/06,2,M79013/06/2,-9,-1,18.02.17 16:30:37,XF61589.2,4.30839,7.99,9.488,87.8547,149.699,3.43654,7.30069,3.21461,7.95039,43.8443,4.42525,6.64761,43.0808,.603704,168.32,.596909,498.86,.588167,.110261,.6314,7.002,.57118,93.9848,15.658,3.702,-.826254,54.981,-.714963,249.9,.451506,.0849035,7,1.13489,1.20705,1.78096,93.8304,88.9644,2.01644,5.21431,.593552,166.358,.58759,489.786,.578476,.160256,.55827,7.001,88.8385,-.864326,53.979,-.758934,233.28,.457705,.0133541,7.0004,153.517,79.9994,38.9387,1.31822,1042.85,506.538,4.33354,.940854,104.795,.9526,447.65,.907097,2.9416,11.594,-.999708,33.6675,-.94143,206.9,9.842,.761131,2.50093,13.749,15.617,.913212,104.815,.920652,454,.879882,2.8732,11.845,-1.05608,32.8725,-1.00236,193.95,9.253,.775465,687.04,33.2088,74.5395,
M79013,06,M79013/06,3,M79013/06/3,0,-10,18.02.17 16:30:37,XF61589.2,4.3204,7.959,9.461,87.1992,149.406,3.28533,7.46157,3.24282,8.06452,45.4105,4.4231,6.86153,43.3835,.601628,169.141,.587985,508.38,.58661,.160881,.68496,7.001,.568079,94.7272,15.692,3.92,-.825758,55.473,-.699292,254.45,.448063,.372867,7,1.1324,1.2056,1.70713,94.0504,88.1677,2.00576,5.22248,.590642,167.445,.583437,504.721,.57589,.224928,.64279,7.001,87.4646,-.865364,54.0328,-.750817,242.88,.456557,.0304231,7,153.772,82.141,38.9737,1.27014,1027.95,506.274,4.33076,.939328,105.51,.955172,455.25,.905059,3.0874,11.574,-1.00072,33.782,-.939194,210.35,9.817,.759134,2.50436,13.716,15.588,.912044,105.23,.910089,462.65,.875489,2.9844,11.787,-1.05598,33.035,-1.00465,199.5,9.215,.773684,687.15,34.2376,88.118,
M79013,06,M79013/06,4,M79013/06/4,8,-1,18.02.17 16:30:37,XF61589.2,4.31296,7.982,9.482,88.0614,150.989,3.4646,7.52068,3.46348,7.66244,42.7302,4.45062,6.72178,42.774,.600396,169.157,.592804,509.32,.587067,.164763,.68307,7.002,.564233,95.3181,15.644,3.783,-.83015,55.144,-.709883,257.1,.450161,.264526,7,1.13522,1.25474,1.77177,93.512,87.8776,1.99143,5.21648,.586255,167.642,.569642,510.068,.57469,.219916,.64864,7.002,88.384,-.869474,53.866,-.767012,236.66,.456631,.00873597,7,153.548,81.3564,38.1921,1.30217,1046.73,511.959,4.31945,.938712,105.285,.933122,457.9,.903497,2.9916,11.595,-1.00312,33.7935,-.946521,205.95,9.908,.759164,2.50359,13.726,15.601,.90852,105.525,.903797,464.25,.872164,3.0598,11.804,-1.05753,32.9845,-1.01518,197.95,9.259,.774045,687.126,32.8346,73.7642,
M79013,06,M79013/06,5,M79013/06/5,0,9,18.02.17 16:30:37,XF61589.2,4.32051,7.965,9.467,88.2461,148.363,3.33467,7.49663,3.19329,8.34724,43.3727,4.51683,6.84838,42.501,.603311,169.408,.592698,505,.590262,.152963,.68884,7.002,.565392,94.5302,15.584,4.078,-.820471,55.482,-.692845,260.55,.449126,.484526,7.001,1.13233,1.21924,1.79091,91.4711,86.3704,2.002,5.20833,.593189,167.638,.579388,503.43,.57765,.181312,.62431,7.001,88.6335,-.86027,54.1684,-.735663,243.4,.454012,.0475674,7.0004,150.301,84.3506,38.6796,1.24836,1047.85,496.101,4.3224,.940393,105.085,.942872,453.9,.90723,3.0064,11.642,-.994995,33.841,-.933013,210.9,9.814,.759337,2.50959,13.716,15.589,.909662,105.2,.918014,462.6,.878858,3.0242,11.907,-1.05313,33.0435,-1.0078,199.15,9.243,.773518,687.136,32.8967,76.0464,
